ticker,date,time,title,compound
AMD,2023-08-04,06:08PM,"The Score: Yellow, Advanced Micro Devices, Amazon and More Stocks That Defined the Week",0.4019
AMD,2023-08-04,06:50AM,Better Buy: Microsoft vs. Advanced Micro Devices,0.5994
AMD,2023-08-04,06:20AM,Is AMD an Excellent AI Stock to Buy?,0.5719
AMD,2023-08-04,06:00AM,The turnaround stories being overlooked by investors in 2023: Morning Brief,-0.0258
AMD,2023-08-04,05:37AM,AMD's Outlook on AI Chips Was Just OK -- Is the Stock Still a Buy?,0.4466
AMD,2023-08-03,11:22PM,4 big earnings hits: Apple's iPhone letdown; AMD fretting,0.0
AMD,2023-08-03,06:13PM,Why Advanced Micro Devices Stock Triumphed Today,0.6369
AMD,2023-08-03,12:37PM,Is Advanced Micro Devices (AMD) Modestly Undervalued? An In-depth Analysis,0.25
AMD,2023-08-03,11:31AM,Is AMD Stock a Buy Now?,0.0
AMD,2023-08-03,09:00AM,New AMD Radeon PRO W7000 Series Workstation Graphics Cards Deliver Advanced Technologies and Exceptional Performance for Mainstream Professional Workflows,0.25
AMD,2023-08-03,08:50AM,AMD Set to Launch New Gaming GPUs as Sales Tumble,0.0
AMD,2023-08-03,07:58AM,Is It Too Late to Buy Intel Stock?,0.0
AMD,2023-08-03,07:44AM,"Fitch Downgrade, Wall Street Reaction, Debt's Destructive Path, Treasury Auction",-0.4939
AMD,2023-08-03,07:13AM,"Market Digest: NLY, AMD, ETN, FIS, HP, PEG, SBUX, SON, IGT",0.0
AMD,2023-08-03,07:13AM,Analyst Report: Advanced Micro Devices Inc.,0.25
AMD,2023-08-03,06:39AM,AMD Sees Strong Interest for Its AI Products -- Should Nvidia Stock Investors Be Worried?,0.6249
AMD,2023-08-03,06:25AM,AMD's PC Business Bottoms Out,0.0
AMD,2023-08-02,07:30PM,3 AI Stocks That Could Go Parabolic,0.0
AMD,2023-08-02,06:08PM,S&P 500 Gains and Losses Today: Weak Guidance from AMD Weighs on Chip Stocks,-0.4939
AMD,2023-08-02,05:41PM,"AMD Falls After Earnings, Sparks Selloff in Nvidia and Other Chip Stocks",0.0
AMD,2023-08-02,04:52PM,Intel CEO says 'the worst is behind us',-0.6249
AMD,2023-08-02,04:42PM,"AMD forecast, Generac stock plunges, E.l.f. Beauty profit: Trending tickers",0.7717
AMD,2023-08-02,04:33PM,Dow Jones Today: Index Dives on Rating Cut,-0.2732
AMD,2023-08-02,04:17PM,"These Stocks Are Moving the Most Today: Generac, SolarEdge, Paycom, Freshworks, Scotts Miracle-Gro, e.l.f. Beauty, and More",0.5859
AMD,2023-08-02,04:13PM,Stock Market Today: Stocks Slide on Rare U.S. Credit Rating Downgrade,0.3818
AMD,2023-08-02,04:10PM,S&P 500 Has Worst Day Since April After Big Rally: Markets Wrap,-0.6249
AMD,2023-08-02,04:04PM,Chipmaker AMD Cites AI Growth As It Beats Second-Quarter Targets,0.3818
AMD,2023-08-02,04:00PM,US STOCKS-Wall Street ends lower as investors step back after Fitch downgrades US,-0.296
AMD,2023-08-02,03:58PM,"Why Nvidia, Microsoft, Alphabet, and Other AI Stocks Crumbled Today",0.0
AMD,2023-08-02,03:56PM,Why Advanced Micro Devices Stock Is Down Today,0.25
AMD,2023-08-02,02:53PM,AMD shares fall as analysts worry AI chip targets may be ambitious,0.34
AMD,2023-08-02,02:52PM,Chinas Weak Recovery Is a Big Problem For Chip Stocks,-0.6808
AMD,2023-08-02,02:27PM,Our Take on Several Earnings Conference Calls,0.0
AMD,2023-08-02,02:27PM,Our Take on AMD and Several Other Earnings Conference Calls,0.0
AMD,2023-08-02,02:10PM,AMD's AI And Expansion Plans Hold Great Promise Of Catching Up To Nvidia,0.7506
AMD,2023-08-02,12:02PM,Stock Market Losses Deepen At Midday As Nasdaq Tumbles 2.3%; These Stocks Are Damaged,-0.6808
AMD,2023-08-02,11:38AM,"AMD Q2 Earnings Beat, Revenues Hurt by Weak Data Center",-0.743
AMD,2023-08-02,11:36AM,Q2 2023 Advanced Micro Devices Inc Earnings Call,0.25
AMD,2023-08-02,11:33AM,AMD Keeps the AI Dream Alive Enough,0.5574
AMD,2023-08-02,10:54AM,I'm All Aboard AMD and Lisa Su's AI Train: Here's the Plan,0.0258
AMD,2023-08-02,10:39AM,Earnings: Why Q2 may be a bottom,0.0
AMD,2023-08-02,10:33AM,Stock Market Rattled As Nasdaq Tests Key Level; This Stock Roars 21%,0.0
AMD,2023-08-02,10:19AM,AMD Says It Sees Opportunity for AI Chips Developed to Pass US Export Controls,0.4215
AMD,2023-08-02,10:15AM,"AMD Stock Earnings: Is This the Bottom, or Is Intel Taking Share?",0.296
AMD,2023-08-02,10:10AM,US STOCKS-Wall St falls after Fitch downgrades top-tier US rating,0.0
AMD,2023-08-02,09:56AM,"AMD upgraded, Electronic Arts downgraded: Wall Street's top analyst calls",0.2023
AMD,2023-08-02,09:38AM,Best Stocks to Buy Now: Is AMD Stock a Buy After Earnings?,0.6369
AMD,2023-08-02,09:00AM,"Advanced Micro Devices Insiders Sell US$9.2m Of Stock, Possibly Signalling Caution",0.25
AMD,2023-08-02,08:25AM,AMD's New AI Chip Could Send its Stock Soaring. Here's Why.,0.0
AMD,2023-08-02,08:11AM,"AMD Stock Pops on Earnings Beat, AI Chip Progress",0.4215
AMD,2023-08-02,07:12AM,5 Things to Know Before Markets Open,0.0
AMD,2023-08-02,07:12AM,3 Things About AMD That Smart Investors Know,0.4019
AMD,2023-08-02,06:33AM,Fitchs U.S. Credit Downgrade Is a Bad Look. Why Its Not a Disaster.,0.3387
AMD,2023-08-02,06:15AM,Better Buy: AMD vs. Nvidia,0.4404
AMD,2023-08-02,06:00AM,AMD Just Shared These 2 Gems During Its Earnings,0.34
AMD,2023-08-02,05:52AM,"Global Stocks Slump, Fitch U.S. Downgrade, AMD AI Ramp, Starbucks Sales, CVS Health On Deck - 5 Things To Know",0.0
AMD,2023-08-02,05:15AM,3 Top Tech Stocks to Buy in August,0.2023
AMD,2023-08-01,10:00PM,Advanced Micro Devices (AMD) Q2 2023 Earnings Call Transcript,0.25
AMD,2023-08-01,08:09PM,"AMD Gains After Chipmaker Tops Estimates, Makes AI Inroads",0.6908
AMD,2023-08-01,06:30PM,"AMD Rises on AI-Powered Growth, But Another Nasdaq Stock Is Getting All the After-Hours Love",0.8225
AMD,2023-08-01,06:17PM,"Lackluster Trading Pre-Jobs; AMD, SBUX, PINS, EA Report",0.0
AMD,2023-08-01,06:00PM,Advanced Micro (AMD) Q2 Earnings: How Key Metrics Compare to Wall Street Estimates,0.25
AMD,2023-08-01,05:45PM,Advanced Micro Devices (AMD) Q2 Earnings and Revenues Beat Estimates,0.25
AMD,2023-08-01,05:33PM,"S&P 500 Gains and Losses Today: Pharma Stocks Fall After Pfizer, Merck Reports",-0.0772
AMD,2023-08-01,04:47PM,AMD stock rises after Q2 earnings top estimates,0.2023
AMD,2023-08-01,04:35PM,Advanced Micro: Q2 Earnings Snapshot,0.25
AMD,2023-08-01,04:26PM,"AMD Leaps On Q2 Earnings Beat, Plans To Ramp New AI Chip Production",0.0
AMD,2023-08-01,04:17PM,"AMD forecasts challenger to Nvidia AI chip for 4th quarter, eyes China AI market",0.128
AMD,2023-08-01,04:15PM,AMD Reports Second Quarter 2023 Financial Results,0.0
AMD,2023-08-01,12:24PM,Are AMD CEO Lisa Su and Nvidia's Jensen Huang Related?,0.0
AMD,2023-08-01,09:16AM,What Nvidia and AMD Stock Investors Should Know About Recent Updates,0.0
AMD,2023-08-01,09:04AM,Key Points AMD Stock Investors Should Watch for During Earnings Today,0.0
AMD,2023-08-01,08:01AM,"Red Hot Small-Caps, Joyous July, Stock Seasonality, Staying Nimble, AMD on Tap",0.6249
AMD,2023-08-01,06:03AM,"Stocks Slip Lower, Caterpillar, AMD And Starbucks Earnings On Deck, Fed Loan Survey - 5 Things To Know",-0.296
AMD,2023-08-01,02:00AM,REUTERS NEWS SCHEDULE AT 6 a.m. GMT/2 p.m. SGT,0.0
AMD,2023-07-31,05:57PM,Advanced Micro Devices Q2 Preview: Time to Buy?,0.25
AMD,2023-07-31,05:42PM,"AMD, JetBlue, Starbucks earnings, manufacturing data: What to watch Tuesday",0.0
AMD,2023-07-31,03:26PM,"Dow futures flat, Zoom dips 17.1% after earnings",0.0
AMD,2023-07-31,02:00PM,Jim Cramers 10 S&P 500 Stock Picks for 2023,0.0
AMD,2023-07-31,01:22PM,25 Richest Women in the World,0.5267
AMD,2023-07-31,01:18PM,Will Weak Embedded Segment Hurt AMD's Q2 Earnings Growth?,-0.5719
AMD,2023-07-31,11:52AM,How AI will drive the next tech spending cycle,0.0
AMD,2023-07-31,11:44AM,"AMD earnings, Uber Technologies, Pfizer reports: 3 things to watch",0.0
AMD,2023-07-31,06:45AM,Intel's Data Center Downturn Drags On,-0.1779
AMD,2023-07-30,06:25AM,The Worst Is Over for Intel's PC Business,-0.6249
AMD,2023-07-29,09:36PM,Want to Get Richer? 7 Best Stocks to Buy and Hold for the Next Decade,0.836
AMD,2023-07-29,10:51AM,Better AI Chip Stock: AMD vs. Nvidia,0.4404
AMD,2023-07-28,06:54PM,Time to Buy Intel or AMD Stock as Chip Slowdown Ends?,0.0
AMD,2023-07-28,06:25PM,"Stock Market Action Plan: Apple, Amazon And An Upturn In Optimism",0.6369
AMD,2023-07-28,05:32PM,"Chip stocks, Amazon & Apple earnings, July jobs report: What to watch",0.1779
AMD,2023-07-28,12:34PM,Intel Needs to Latch Onto the AI Boom,0.0
AMD,2023-07-28,11:49AM,What Awaits Advanced Micro Devices (AMD) in Q2 Earnings?,0.3182
AMD,2023-07-28,11:16AM,Nvidia and AMD Stock Investors Should Hear What Intel Just Said,0.0
AMD,2023-07-28,09:51AM,"Intel stock rises on earnings beat, slow recovery in PC segment",0.0
AMD,2023-07-28,08:05AM,Can AMD Be the Next Hottest AI Stock?,0.0
AMD,2023-07-28,06:38AM,"Zacks Market Edge Highlights: NVIDIA, Advanced Micro Devices and HIVE Digital Technologies",0.25
AMD,2023-07-28,02:59AM,"India keen to be 'trusted' chip partner, supplier - Modi",0.3612
AMD,2023-07-28,02:30AM,"AMD Announces Plan to Invest Approximately $400 Million Over the Next Five Years to Expand Research, Development and Engineering Operations in India",0.3182
AMD,2023-07-28,01:49AM,U.S. chipmaker AMD to invest $400 million in India by 2028,0.0
AMD,2023-07-28,01:44AM,U.S. chipmaker AMD to invest $400 mln in India by 2028,0.0
AAPL,2023-08-04,07:15PM,Weekly Roundup,0.0
AAPL,2023-08-04,04:51PM,"PayPal Stock Falls for 4th Day. Analyst Raises Concern Over Margins, Apple.",0.0
AAPL,2023-08-04,04:49PM,"Apple falls, Icahn slides, Google court victory: Top stories",0.2023
AAPL,2023-08-04,04:42PM,US STOCKS-Wall Street ends lower after US jobs report; Apple weighs,-0.296
AAPL,2023-08-04,04:28PM,Apple Faces Longest Sales Drop in Decades as iPhone Slumps,-0.2732
AAPL,2023-08-04,04:27PM,"Apple, Amazon, Icahn Enterprises, Fortinet, Block, and More Stock Market Movers",-0.296
AAPL,2023-08-04,04:13PM,"Stock Market Today: Markets Churn After July Jobs Report, Amazon Soars on Q2 Earnings",0.1779
AAPL,2023-08-04,04:11PM,Apple Loses Historic $3 Trillion Crown as Sales Disappoint,-0.6124
AAPL,2023-08-04,04:05PM,Apple stock falls 5% as hardware slowdown overshadows another record quarter for services,0.0
AAPL,2023-08-04,04:02PM,Apple Stock Drops As iPhone Maker's Sales Decline For Third Straight Quarter,0.2263
AAPL,2023-08-04,04:01PM,"US STOCKS-Wall Street closes lower after US jobs report, Apple weighs",-0.296
AAPL,2023-08-04,03:38PM,Apple Crushes Quarter Once Again,-0.4404
AAPL,2023-08-04,03:35PM,Apple's June Quarter Had an Unexpected Surprise,0.2732
AAPL,2023-08-04,03:26PM,Best Dow Jones Stocks To Buy And Watch In August 2023: Apple Dives On Earnings,0.6369
AAPL,2023-08-04,02:37PM,Here's Our Take on Amazon's June Quarter,0.0
AAPL,2023-08-04,02:34PM,Apple Stock Drops After Revenue Falls Again,0.0
AAPL,2023-08-04,02:18PM,Amazon Just Won Earnings Season. Heres Who Lost.,0.4767
AAPL,2023-08-04,01:52PM,"Apple Gets a Rare Downgrade. U.S. Slowdown Likely to Last, Analyst Says.",0.0
AAPL,2023-08-04,01:44PM,"Market Update: ILMN, AAPL, AMZN, ECL, ETR, KIM, MDT, PRU, SQ",0.0
AAPL,2023-08-04,01:44PM,Analyst Report: Apple Inc,0.0
AAPL,2023-08-04,01:28PM,"These Stocks Are Moving the Most Today: Apple, Amazon, Icahn Enterprises, Fortinet, Block, and More",-0.235
AAPL,2023-08-04,12:38PM,"Apple Stock Lacks Catalysts, Says Analyst. U.S. Slowdown Likely to Last.",0.0
AAPL,2023-08-04,12:36PM,"Markets Higher Midday After Upbeat Earnings, July Jobs Report",0.0
AAPL,2023-08-04,12:34PM,"Nikola's Abrupt CEO Transition, Carl Icahn Led Icahn Enterprises Cuts Dividend Payout, FDA Rejects Mesoblast's Cell Therapy For Kids: Today's Top Stories",-0.5574
AAPL,2023-08-04,12:22PM,"These Stocks Are Moving the Most Today: Apple, Amazon, Icahn Enterprises, Fortinet, Block, and More",-0.235
AAPL,2023-08-04,12:20PM,US STOCKS-Wall St rises on Amazon boost; bond yields fall,0.5267
AAPL,2023-08-04,12:13PM,"Apple's (AAPL) Q3 Earnings Beat Estimates, Revenues Decline Y/Y",0.0
AAPL,2023-08-04,12:07PM,"Amazon, Booking Holdings rise; Apple, Monster Beverage fall, Friday, 8/4/2023",0.1779
AAPL,2023-08-04,11:36AM,Apple's hardware slowdown overshadows another record quarter for services,0.0
AAPL,2023-08-04,11:33AM,Apple stock falls on declining sales despite earnings beat,0.0
AAPL,2023-08-04,11:20AM,"Apple's Quarter Was Not the Greatest, But Here Are Trade Possibilities",-0.2924
AAPL,2023-08-04,10:51AM,"Market Rally Under Pressure As Yields Soar; Amazon, ELF, Caterpillar Are Earnings Winners: Weekly Review",0.3818
AAPL,2023-08-04,10:46AM,Apple's Cautiously Navigating Through No Man's Land Amid A Maturing Smartphone Market And Upcoming AI Innovations,-0.296
AAPL,2023-08-04,10:46AM,Apple Inc. (NASDAQ:AAPL) Q3 2023 Earnings Call Transcript,0.0
AAPL,2023-08-04,10:38AM,Tech Options Bets Soar to New Heights,0.0
AAPL,2023-08-04,10:29AM,Warren Buffett Stocks: What's Inside Berkshire Hathaway's Portfolio?,0.0
AAPL,2023-08-04,10:27AM,Apple Stock Is Dropping After Its Revenue Falls Again,0.0
AAPL,2023-08-04,10:20AM,Amazon Knocked Q2 Out Of The Park,0.1779
AAPL,2023-08-04,10:19AM,"Stocks to Watch Friday: Amazon.com, Apple, Icahn Enterprises, Block",-0.4404
AAPL,2023-08-04,10:11AM,Stellar Earnings Arent Enough to Juice Stock Prices,0.0
AAPL,2023-08-04,09:56AM,Apple Stock Sees Largest Decline Since February,0.0
AAPL,2023-08-04,09:56AM,Apple May Have an iPhone Problem as Key September Launch Looms,-0.5106
AAPL,2023-08-04,09:55AM,"US STOCKS-Wall St rises on Amazon boost, US jobs growth remains moderate",0.7184
AAPL,2023-08-04,09:47AM,Apple's services will be the long-term growth driver: Analyst,0.3818
AAPL,2023-08-04,09:38AM,"Apple downgraded, Amazon upgraded: Wall Street's top analyst calls",0.3612
AAPL,2023-08-04,09:28AM,Apple Stock Falls After Earnings. 2 Good Reasons Not to Buy the Dip.,0.4404
AAPL,2023-08-04,09:24AM,Wedbush's Dan Ives and Jim Cramer Agree on the Strength of One Tech Stock,0.6908
AAPL,2023-08-04,09:20AM,Does Apple Have An iPhone Problem As Key September Launch Looms?,-0.5106
AAPL,2023-08-04,09:03AM,Everyone's Watching These 2 Stocks Friday Morning,0.0
AAPL,2023-08-04,08:57AM,"Apple iPhone sales drop more than analysts' estimates, revenue falls for third straight quarter",-0.0516
AAPL,2023-08-04,08:51AM,1 'Magnificent Seven' Stock Has Warren Buffett's Berkshire Hathaway Betting Big,0.5994
AAPL,2023-08-04,08:34AM,Q3 2023 Apple Inc Earnings Call,0.0
AAPL,2023-08-04,08:16AM,"Apple, Samsung Halt India Laptop Imports After Sudden Curbs",0.0
AAPL,2023-08-04,08:14AM,Apple: follow the R&D money to where devices giant is headed,0.0
AAPL,2023-08-04,08:06AM,Apple Stock Dips After Earnings. Quarterly Sales Fell 1%.,0.0
AAPL,2023-08-04,07:50AM,"Amazon Gains, Apple Doesn't With Jobs Report on Tap",0.4767
AAPL,2023-08-04,07:13AM,5 Things to Know Before Markets Open,0.0
AAPL,2023-08-04,07:12AM,Apple Earnings Beat Estimates as Service Revenue Offsets iPhone Sales Drag,-0.2263
AAPL,2023-08-04,07:12AM,"Market Conditions Are Shifting, but Here's Why Apple May Offer an Opportunity",0.5719
AAPL,2023-08-04,06:43AM,Apple Needs a Plan of Action. What It Can Learn From Amazon.,0.1779
AAPL,2023-08-04,06:42AM,Stock Futures Rebound After Tech Earnings as Jobs Report Looms,-0.1531
AAPL,2023-08-04,06:03AM,"Stocks Nudge Higher, Jobs Data On Deck, Apple Slides, Amazon Surges, DraftKings Soars - 5 Things to Know",0.1779
AAPL,2023-08-04,05:55AM,US STOCKS-Amazon results boost U.S. futures ahead of jobs data,0.4019
AAPL,2023-08-04,05:30AM,Amazon Shines During Apples Off-Season,0.1779
AAPL,2023-08-04,05:16AM,"Helped By Strong Services Growth, Apple Earnings Just Returned to Growth",0.8176
AAPL,2023-08-04,05:13AM,Apple Faces iPhone Headwinds. Why Analysts Are Nervous About the Stock.,-0.2732
AAPL,2023-08-04,05:06AM,"Warren Buffett Has Bought Shares of This Company for 19 Consecutive Quarters -- and No, It's Not Apple",0.0
AAPL,2023-08-04,01:30AM,Amazon vs Apple,0.1779
AAPL,2023-08-04,12:00AM,AI frenzy tests Big Techs newfound cost discipline,-0.3182
AAPL,2023-08-03,11:52PM,F/m Portfolio Manager on Big Tech Earnings,0.0
AAPL,2023-08-03,09:39PM,"Apple Surprises in China, Sets India High During Sales Slump",0.2263
AAPL,2023-08-03,08:47PM,Analyst Report: Apple Inc.,0.0
AAPL,2023-08-03,08:00PM,French News Agency Wants Twitter to Pay Up,-0.1027
AAPL,2023-08-03,06:58PM,Apple posts net sales decrease for third quarter in a row,0.0
AAPL,2023-08-03,06:57PM,Apple profits rise as services arm surpasses 1bn users,0.4404
AAPL,2023-08-03,06:37PM,"Apple Sees Third Straight Quarter of Falling Sales, but Services Unit Hits Record",0.0387
AAPL,2023-08-03,06:06PM,"Apple, Amazon, Airbnb Beat on Earnings, Sales",0.1779
AAPL,2023-08-03,06:00PM,"Compared to Estimates, Apple (AAPL) Q3 Earnings: A Look at Key Metrics",0.0
AAPL,2023-08-03,06:00PM,"Apple iPhone sales drop more than forecast, revenue falls for third straight quarter",-0.0516
AAPL,2023-08-03,05:45PM,Apple (AAPL) Tops Q3 Earnings and Revenue Estimates,0.5106
AAPL,2023-08-03,05:36PM,Apple Sales Fell 1% in the Latest Quarter. The Stock Edges Lower.,-0.296
AAPL,2023-08-03,05:16PM,"Trump arraigned in D.C., Amazon earnings, Apple's declining revenue: Top Stories",0.3612
AAPL,2023-08-03,05:05PM,"Amazon Beats, Apple Disappoints as Earnings Pour In",-0.2263
AAPL,2023-08-03,05:03PM,"Apple earnings beat estimates, services boost results",0.4019
AAPL,2023-08-03,05:01PM,"Apple's earnings top analysts' forecasts, but year-over-year sales drop for third straight quarter",0.0258
AAPL,2023-08-03,04:47PM,US STOCKS-Wall Street closes near flat as Treasury yields surge,0.2023
AAPL,2023-08-03,04:45PM,"Apple Booked Less Revenue From iPhones and Macs, More From Services",0.0
AAPL,2023-08-03,04:44PM,Apple Earnings Top Street As Services Revenues Offset iPhone Slump,0.2023
AAPL,2023-08-03,04:36PM,Apple: Fiscal Q3 Earnings Snapshot,0.0
AAPL,2023-08-03,04:31PM,"Apple profit tops Wall Street targets, weaker iPhone balanced by strong services",0.765
AAPL,2023-08-03,04:30PM,Apple reports third quarter results,0.0
AAPL,2023-08-03,04:15PM,"Stock Market Today: Stocks Barely Budge Ahead of Apple, Amazon Earnings",0.1779
AAPL,2023-08-03,04:04PM,"As Two Chip Stocks Report, Our Plans for a Bullpen Name Become Clearer",0.0
AAPL,2023-08-03,04:00PM,"US STOCKS-Wall Street closes near flat as Treasury yields surge; Apple, Amazon to report",0.3612
AAPL,2023-08-03,02:46PM,Stocks Waver as Bond Yields Pop,0.0
AAPL,2023-08-03,02:35PM,"GLOBAL MARKETS-Wall Street choppy as US yields rise, dollar dips",0.0
AAPL,2023-08-03,02:00PM,"Disneys ESPN Plots Its Streaming Future, Seeking Tie-Ups With Leagues and Rivals",0.0
AAPL,2023-08-03,01:53PM,Apple and Amazon Results Pose Tech Rallys Toughest Hurdle Yet,0.1027
AAPL,2023-08-03,01:49PM,Market Pullback Might Be a Bit 'Nasty': Fred Alger CEO,0.0
AAPL,2023-08-03,01:00PM,"Apples Revenue Outlook: More From Services, Less From iPhone and Mac",0.0
GOOGL,2023-08-04,09:00PM,Americas Most Tech-Forward City Has Doubts About Self-Driving Cars,-0.296
GOOGL,2023-08-04,07:15PM,Weekly Roundup,0.0
GOOGL,2023-08-04,04:52PM,15 Best Countries for International Students to Study and Work,0.6369
GOOGL,2023-08-04,04:49PM,"Apple falls, Icahn slides, Google court victory: Top stories",0.2023
GOOGL,2023-08-04,04:30PM,Google Search Antitrust Suit Narrowed by Federal Judge Ahead of September Trial,0.0
GOOGL,2023-08-04,04:21PM,Google to face trial in US search monopoly case next month,0.0
GOOGL,2023-08-04,04:19PM,UPDATE 3-Judge allows key US antitrust Google search claims to go to trial,0.0
GOOGL,2023-08-04,04:09PM,Google-parent Alphabet ditches nearly 90% of its Robinhood stake,0.0
GOOGL,2023-08-04,02:50PM,Google Wins Limits to Antitrust Claims at Trial Over Search Deals,0.5719
GOOGL,2023-08-04,02:23PM,Judge allows key US antitrust Google search claims to go to trial,0.0
GOOGL,2023-08-04,02:04PM,Judge allows key US antitrust Google search claims to go to trial,0.0
GOOGL,2023-08-04,01:58PM,Google Parent Alphabet's Stock Top Stories: AFP's Lawsuit Against Elon Musk's X and Alphabet's AI Healthcare Venture,-0.0258
GOOGL,2023-08-04,12:34PM,"Nikola's Abrupt CEO Transition, Carl Icahn Led Icahn Enterprises Cuts Dividend Payout, FDA Rejects Mesoblast's Cell Therapy For Kids: Today's Top Stories",-0.5574
GOOGL,2023-08-04,12:18PM,Cloud Services Industry Shows Early Signs of a Comeback,0.0
GOOGL,2023-08-04,11:13AM,Alphabet Cut Its Robinhood Stake. Cathie Wood Is Still Buying.,-0.2732
GOOGL,2023-08-04,10:20AM,Amazon Knocked Q2 Out Of The Park,0.1779
GOOGL,2023-08-04,10:11AM,Stellar Earnings Arent Enough to Juice Stock Prices,0.0
GOOGL,2023-08-04,09:45AM,"AI Lovefest Fuels Massive Bets On Meta, Tesla, Google And Beyond",0.0
GOOGL,2023-08-04,09:03AM,"Amazon earnings squash estimates as layoffs boost profits, and the stock is surging",0.743
GOOGL,2023-08-04,08:57AM,"Apple iPhone sales drop more than analysts' estimates, revenue falls for third straight quarter",-0.0516
GOOGL,2023-08-04,08:30AM,Microsoft vs. Alphabet: Which Trillion-Dollar AI Stock Should You Buy?,0.0
GOOGL,2023-08-04,08:16AM,"""Big Tech"" Earnings Review: ETFs in Focus",0.0
GOOGL,2023-08-04,08:11AM,"Amazon (AMZN) Stock Quotes, Company News And Chart Analysis",0.1779
GOOGL,2023-08-04,08:10AM,"FANG Stocks News & Quotes: Facebook, Amazon, Netflix, Google",0.1779
GOOGL,2023-08-04,05:45AM,The Big Risk Facing AI Stocks That Investors Can't Afford to Ignore,0.0026
GOOGL,2023-08-04,05:44AM,"1 Unstoppable Stock That Could Soar 1,063% to Join the $1 Trillion Club",0.1027
GOOGL,2023-08-04,04:40AM,TikTok unveils new measures ahead of EU Digital Services Act,0.0
GOOGL,2023-08-04,04:30AM,TikTok unveils new measures ahead of EU Digital Services Act,0.0
GOOGL,2023-08-03,10:25PM,AI Boom Fuels 487% Stock Surge for South Korean Family,0.0
GOOGL,2023-08-03,07:29PM,"Google Illegally Cut Contract Staffers Who Worked on AI, Union Alleges",-0.2732
GOOGL,2023-08-03,06:01PM,UPDATE 1-Judicial panel refuses to pause return of Texas lawsuit against Google,-0.2263
GOOGL,2023-08-03,06:00PM,"Apple iPhone sales drop more than forecast, revenue falls for third straight quarter",-0.0516
GOOGL,2023-08-03,03:04PM,Facebook owner Meta carries out threat to block news in Canada. Google plans to do the same,-0.743
GOOGL,2023-08-03,02:34PM,Judicial panel refuses to pause return of Texas lawsuit against Google,-0.2263
GOOGL,2023-08-03,02:28PM,Judicial panel refuses to pause return of Texas lawsuit against Google,-0.2263
GOOGL,2023-08-03,11:31AM,3 Game-Changing Technologies (Watch these stocks!),0.0
GOOGL,2023-08-03,10:32AM,"Tesla cars only reach half the range advertised, drivers claim",0.0258
GOOGL,2023-08-03,10:32AM,Elon Musk's Tesla faces legal battle with drivers over false advertising,-0.2732
GOOGL,2023-08-03,10:30AM,"News outfit AFP sues X/Twitter over the content it carries, and Elon Musks reaction is not wrong",0.3724
GOOGL,2023-08-03,10:09AM,Is Alphabet Stock a Buy Now?,0.0
GOOGL,2023-08-03,08:46AM,"Forget August's Notorious Past, Instead Buy 3 Growth Stocks",-0.296
GOOGL,2023-08-03,07:53AM,"Zacks Earnings Trends Highlights: Microsoft, Alphabet, Meta and Nvidia",0.0
GOOGL,2023-08-03,06:06AM,GMs Cruise says it's reached the robotaxi industry's first union agreements,0.3612
GOOGL,2023-08-03,06:00AM,GMs Cruise says it's reached the robotaxi industry's first union agreements,0.3612
GOOGL,2023-08-03,05:29AM,Elon Musks X sued by AFP for allegedly refusing to pay for news,-0.4767
GOOGL,2023-08-03,05:06AM,1 Stock-Split Stock to Buy Hand Over Fist in August and 1 to Avoid Like the Plague,0.5423
GOOGL,2023-08-03,12:39AM,"France's AFP sues Musk's X social media, cites refusal to discuss payment for news",0.0
GOOGL,2023-08-02,07:24PM,Earnings Estimates Reflect Stabilization,0.0
GOOGL,2023-08-02,03:58PM,"Why Nvidia, Microsoft, Alphabet, and Other AI Stocks Crumbled Today",0.0
GOOGL,2023-08-02,02:35PM,Big Money Still Buying These 9 Stocks After Huge Rally; Tesla Stock Is Among Them,0.3182
GOOGL,2023-08-02,11:39AM,20 Countries With the Highest Starting Salaries for Graduates,0.0
GOOGL,2023-08-02,10:05AM,Meta Platforms begins removing news content from Facebook and Instagram in Canada,0.0
GOOGL,2023-08-02,10:00AM,What Everyone Can Learn From 5 of the Biggest Company Failures in History,-0.4588
GOOGL,2023-08-02,08:30AM,"The Ultimate Growth Stocks to Buy With $1,000 Right Now",0.3818
GOOGL,2023-08-02,06:59AM,"Where to Invest $5,000 for the Next 20 Years",0.0
GOOGL,2023-08-02,06:53AM,Companies are coming up short when it comes to CFO succession,0.2023
GOOGL,2023-08-02,06:00AM,Microsoft Just Dropped a Big Hint on Its Most Important Business,0.2716
GOOGL,2023-08-02,05:48AM,Why UiPath Is One of the Market's Most Underappreciated AI Stocks,0.0
GOOGL,2023-08-02,05:30AM,Fortunes Global 500 is proof that even the biggest companies can be dethroned,0.0
GOOGL,2023-08-02,05:21AM,3 No-Brainer Stocks to Buy With $500 Right Now,0.0
GOOGL,2023-08-02,02:25AM,Q2 2023 Netlist Inc Earnings Call,0.0
GOOGL,2023-08-01,05:22PM,"TikTok, Reels, YouTube Shorts: Short-form video is 'attracting a lot of ad dollars,' says DoubleVerify CEO",0.4767
GOOGL,2023-08-01,01:30PM,Top 25 S&P 500 Stocks by Index Weight for August 2023,0.2023
GOOGL,2023-08-01,01:05PM,AI hype boomed to start 2023. Earnings reveal gains won't appear 'overnight.',0.34
GOOGL,2023-08-01,12:59PM,Meta and Google plan to make generative A.I. an inescapable part of your life,0.0
GOOGL,2023-08-01,11:50AM,"What The Generative AI Boom Means For Your Job, The Economy And The S&P 500",0.0
GOOGL,2023-08-01,10:07AM,Alphabet's Secret Weapon Just Proved Why the Stock Is a Screaming Buy,-0.5859
GOOGL,2023-08-01,09:21AM,1 Popular AI Stock I'm Not So Sure About,0.1584
GOOGL,2023-08-01,08:29AM,4 Top-Performing Leveraged ETFs of Last Week,0.0
GOOGL,2023-08-01,08:05AM,3 Stocks That Are Fantastic Deals Right Now,0.5574
GOOGL,2023-08-01,05:25AM,Q2 Results Show Fears About Alphabet Are Overblown,-0.4215
GOOGL,2023-08-01,05:12AM,A Bull Market Is Coming: 1 Magnificent AI Growth Stock to Buy Like There's No Tomorrow and Hold Forever,0.7783
GOOGL,2023-08-01,04:56AM,Chatbots sometimes make things up. Is AIs hallucination problem fixable?,-0.4019
GOOGL,2023-07-31,05:01PM,The 2023 stock market rally got a lot healthier in June and July,0.0
GOOGL,2023-07-31,03:58PM,20 Worst Performing Economies in 2023,-0.6249
GOOGL,2023-07-31,01:18PM,AI 'driving' valuation growth for Big Tech stocks: Analyst,0.3818
GOOGL,2023-07-31,12:35PM,Read This Before You Pick Your Favorite Artificial Intelligence Stocks,0.7269
GOOGL,2023-07-31,12:13PM,"Trucking Firm Yellow Ceases Operations, Walmart Buys Out Tiger Global's Stake, Former Disney Executives Join As Advisers To CEO Bob Iger: Today's Top Stories",0.4588
GOOGL,2023-07-31,11:43AM,1 Trillion-Dollar Growth Stock Down 11% You'll Regret Not Buying on the Dip,-0.0516
GOOGL,2023-07-31,11:29AM,"The Easiest Way to Remember the ""Magnificent 7"" Stocks -- And Why You Should Care",0.872
GOOGL,2023-07-31,09:52AM,Googles Dominance Sparks South African Antitrust Crackdown,0.2023
GOOGL,2023-07-31,09:37AM,3 Innovative AI Stocks Primed for the Bull Market Ahead,0.4404
GOOGL,2023-07-31,09:10AM,Its Halftime for Big Tech Earnings. Apple and Amazon Are Up Next.,0.1779
GOOGL,2023-07-31,08:32AM,10 Best Small Cap AI Stocks To Buy Now,0.6369
GOOGL,2023-07-31,08:12AM,Weekly Stock List,0.0
GOOGL,2023-07-31,05:54AM,"Could Tesla Beat Google, Amazon, and Nvidia in Joining the $2 Trillion Club?",0.1779
GOOGL,2023-07-31,02:20AM,UPDATE 3-Italian watchdog OKs Google's commitments to end data case,0.128
GOOGL,2023-07-31,02:06AM,Italy's antitrust accepts Google's proposals to end data portability case,0.3182
GOOGL,2023-07-30,02:56PM,50 Most Populated Countries In 2050,0.0
GOOGL,2023-07-30,06:16AM,Alphabet's Growth Is Accelerating: Is It Time to Buy This Unstoppable Stock?,0.2023
GOOGL,2023-07-30,05:21AM,"1 Supercharged Growth Stock That's a Shoo-in to Rejoin Apple, Microsoft, Alphabet, Amazon, and Nvidia in the $1 Trillion Club",0.5106
GOOGL,2023-07-30,05:02AM,TipRanks Perfect 10 List: These 2 Tech Titans Could Reach New Highs,0.5859
GOOGL,2023-07-30,12:01AM,"This week in tech: Surges at Alphabet, Meta, Intel; Microsoft's growing AI spend",0.1779
GOOGL,2023-07-29,08:13PM,Why Alphabet Stock Soared Higher This Week,0.0
GOOGL,2023-07-29,10:00AM,"Alphabet (NASDAQ:GOOGL) jumps 10% this week, though earnings growth is still tracking behind five-year shareholder returns",0.3818
GOOGL,2023-07-29,07:22AM,A Bull Market Is Coming: 1 Artificial Intelligence (AI) Growth Stock Has Billionaires Betting Big,0.6908
GOOGL,2023-07-28,10:15PM,Morningstar | A Weekly Summary of Stock Ideas and Developments in the Companies We Cover,0.0
GOOGL,2023-07-28,06:56PM,Weekly Roundup,0.0
GOOGL,2023-07-28,06:48PM,"Alphabet, Meta Platforms, and Boeing Stock Could Climb",0.0
GOOGL,2023-07-28,03:59PM,Big Tech Giants Are Working to Change the Mapping Industry,0.0
META,2023-08-04,04:15PM,"Meta Beat Expectations, But Investors Shouldn't Overlook These 2 Concerning Numbers",0.0
META,2023-08-04,02:59PM,Mark Zuckerberg is copying Snapchat againbut this time its because of Apple,0.0
META,2023-08-04,09:45AM,"AI Lovefest Fuels Massive Bets On Meta, Tesla, Google And Beyond",0.0
META,2023-08-04,09:33AM,Q2 2023 Integral Ad Science Holding Corp Earnings Call,0.0
META,2023-08-04,08:57AM,"Apple iPhone sales drop more than analysts' estimates, revenue falls for third straight quarter",-0.0516
META,2023-08-04,08:20AM,Is Meta Platforms a Top Growth Stock Again?,0.5267
META,2023-08-04,08:16AM,"""Big Tech"" Earnings Review: ETFs in Focus",0.0
META,2023-08-03,06:28PM,Why Alibaba Stock Bounced Back on Thursday,0.0
META,2023-08-03,06:00PM,"Apple iPhone sales drop more than forecast, revenue falls for third straight quarter",-0.0516
META,2023-08-03,03:04PM,Facebook owner Meta carries out threat to block news in Canada. Google plans to do the same,-0.743
META,2023-08-03,10:57AM,Crypto's big two weeks: Here's what happened and what it could mean,0.0
META,2023-08-03,10:32AM,"Tesla cars only reach half the range advertised, drivers claim",0.0258
META,2023-08-03,10:32AM,Elon Musk's Tesla faces legal battle with drivers over false advertising,-0.2732
META,2023-08-03,10:30AM,"News outfit AFP sues X/Twitter over the content it carries, and Elon Musks reaction is not wrong",0.3724
META,2023-08-03,07:30AM,Why Meta Platforms Is the Only Social Network Worth Owning,0.2263
META,2023-08-03,07:00AM,Mark Zuckerberg Thinks AI Can Disrupt These Businesses,0.0
META,2023-08-03,06:05AM,"After a Stellar Start to the Year, Meta Could Have an Even Better Second Half of 2023",0.4404
META,2023-08-03,05:29AM,Elon Musks X sued by AFP for allegedly refusing to pay for news,-0.4767
META,2023-08-02,04:49PM,Zuckerbergs Meta comes under attack from human rights campaigners,-0.4767
META,2023-08-02,03:53PM,Furious Facebook Reels creators are discussing legal action after Meta reduced promised payouts by thousands of dollars due to a display error,-0.5267
META,2023-08-02,11:45AM,UAW Says Costly EV Transition Wont Change Unions Demands,-0.1027
META,2023-08-02,10:29AM,Meta releases AudioCraft AI tool to create music from text,0.2732
META,2023-08-02,10:05AM,Meta Platforms begins removing news content from Facebook and Instagram in Canada,0.0
META,2023-08-02,08:11AM,1 Hot AI Stock to Buy Hand Over Fist Before It Joins the $1 Trillion Club,0.4939
META,2023-08-02,01:30AM,PRESS DIGEST-Wall Street Journal - August 2,0.0
META,2023-08-01,08:00PM,Meta Working on Generative AI Chatbots With Personalities,0.0
META,2023-08-01,06:24PM,Meta Platforms Begins Blocking News for Canadian Users,-0.3818
META,2023-08-01,05:22PM,"TikTok, Reels, YouTube Shorts: Short-form video is 'attracting a lot of ad dollars,' says DoubleVerify CEO",0.4767
META,2023-08-01,04:10PM,"Arista Slays Bears As Earnings Beat Amid Microsoft, Meta Worries",-0.4215
META,2023-08-01,02:36PM,Meta Platforms to Begin Blocking News for Canadian Users,-0.3818
META,2023-08-01,01:05PM,AI hype boomed to start 2023. Earnings reveal gains won't appear 'overnight.',0.34
META,2023-08-01,12:59PM,Meta and Google plan to make generative A.I. an inescapable part of your life,0.0
META,2023-08-01,12:54PM,UPDATE 3-Meta starts blocking news in Canada over law on paying publishers,-0.3818
META,2023-08-01,12:44PM,Meta starts process to end news availability in Canada,0.0
META,2023-08-01,10:42AM,Seeing more interest in AI than metaverse: Strategist,0.5095
META,2023-08-01,09:47AM,Meta to seek user consent for targeted ads in the EU,0.2263
META,2023-08-01,09:33AM,"Meta stock just had a monster July, and here's why August could be sizzling too",0.0
META,2023-08-01,08:29AM,4 Top-Performing Leveraged ETFs of Last Week,0.0
META,2023-08-01,08:05AM,3 Stocks That Are Fantastic Deals Right Now,0.5574
META,2023-08-01,07:40AM,Meta Offers to Seek Consent for Highly Personalized Ads in Europe,0.2263
META,2023-08-01,07:28AM,Analyst Report: Meta Platforms Inc,0.0
META,2023-08-01,07:14AM,5 Things to Know Before Markets Open,0.0
META,2023-08-01,07:13AM,"Market Digest: CNI, CP, ADM, NOC, OC, AWK, META, LIN, CARR",0.0
META,2023-08-01,07:00AM,"At US$319, Is Meta Platforms, Inc. (NASDAQ:META) Worth Looking At Closely?",0.2263
META,2023-08-01,07:00AM,Companies Weigh Growing Power of Cloud Providers Amid AI Boom,0.1779
META,2023-08-01,05:35AM,UPDATE 1-Meta prepares AI-powered chatbots in attempt to retain users - FT,0.0
META,2023-08-01,05:15AM,Better Buy: Meta Platforms vs. Snap,0.4404
META,2023-08-01,01:56AM,Meta preparing to launch chatbots with personas - FT,0.0
META,2023-08-01,01:23AM,"Busy earnings day, Meta reportedly prepares AI chatbot - what's moving markets",0.0
META,2023-08-01,12:43AM,Meta prepares AI-powered chatbots in attempt to retain users - FT,0.0
META,2023-08-01,12:00AM,Meta prepares chatbots with personas to try to retain users,0.0
META,2023-07-31,05:01PM,The 2023 stock market rally got a lot healthier in June and July,0.0
META,2023-07-31,04:52PM,"S&P 500, Nasdaq rise for fifth month in a row",0.0
META,2023-07-31,04:24PM,"Apple, Meta Hot Streaks Fuel Nasdaq 100s July Rally",0.0
META,2023-07-31,04:16PM,"In Latest Letter, Elon Musks Lawyer Pushes Back on Research About Hate Speech",-0.5719
META,2023-07-31,09:49AM,The New York Times Co. (NYT) Flourishes on Subscriber Growth,0.3818
META,2023-07-31,09:10AM,Its Halftime for Big Tech Earnings. Apple and Amazon Are Up Next.,0.1779
META,2023-07-31,09:09AM,3 Stocks to Buy If They Take a Dip,0.0
META,2023-07-31,07:58AM,10 Stocks Getting a Huge Vote of Confidence From Wall Street Analysts,0.6808
META,2023-07-31,05:10AM,"Mark Zuckerberg Says the Market Is Sending a ""Sobering Signal"": Here's What That Could Mean for Meta Stock",-0.2023
META,2023-07-30,12:00PM,1 Unstoppable Stock on the Cusp of Joining Nvidia in the $1 Trillion Club in 2023,-0.2023
META,2023-07-30,07:00AM,"I Was Wrong: Meta Can Do More With Less, For Now",-0.4767
META,2023-07-30,05:21AM,"1 Supercharged Growth Stock That's a Shoo-in to Rejoin Apple, Microsoft, Alphabet, Amazon, and Nvidia in the $1 Trillion Club",0.5106
META,2023-07-30,12:01AM,"This week in tech: Surges at Alphabet, Meta, Intel; Microsoft's growing AI spend",0.1779
META,2023-07-29,07:00AM,"Is Meta Stock Still A Buy After Facebook Parent Surges On Earnings, Outlook?",0.0
META,2023-07-29,07:00AM,Twitter Is Now 'X': How Other Rebrands Have Succeeded,0.4215
META,2023-07-29,06:41AM,Is It Too Late to Buy Meta Platforms Stock?,0.0
META,2023-07-28,06:48PM,"Alphabet, Meta Platforms, and Boeing Stock Could Climb",0.0
META,2023-07-28,05:43PM,These 3 Quarterly Releases Positively Shocked the Market,0.2732
META,2023-07-28,05:00PM,Is Meta Platforms Stock a Buy Now?,0.0
META,2023-07-28,04:55PM,"Inflation cooling, Palantir stock jumps, 'Barbie' box office haul: Friday's top stories",0.2023
META,2023-07-28,04:49PM,"Roku, Intel, Meta, Snap: Earnings season winners and losers",-0.0772
META,2023-07-28,04:48PM,"The Score: Mattel, PacWest, Meta and More Stocks That Defined the Week",0.0
META,2023-07-28,03:39PM,Big Tech Earnings Give Reason for Hope. Now Its Up to Apple and Amazon.,0.5574
META,2023-07-28,03:37PM,Musk vs. Zuckerberg: Who would win in a cage match?,0.5859
META,2023-07-28,02:06PM,"Stock Market Rallies Amid Huge Earnings, Fed Rate Hike, Inflation Data: Weekly Review",0.3182
META,2023-07-28,01:58PM,Why Meta Platforms Stock Rallied on Friday,0.0
META,2023-07-28,01:42PM,Big Techs buzzword season,0.0
META,2023-07-28,01:11PM,Why Alphabet Stock Rallied Friday,0.0
META,2023-07-28,10:29AM,Top-Performing Mutual Funds for 10 Years,0.0
META,2023-07-28,10:00AM,"Mark Zuckerberg Says AI Is First Priority, but Metaverse Still Long-Term Goal -- Is Meta Stock a Buy?",0.0
META,2023-07-28,10:00AM,"Meta Platforms Insiders Sell US$8.4m Of Stock, Possibly Signalling Caution",0.0
META,2023-07-28,09:44AM,AI Mentions on the Rise in Tech Earnings Calls as Recession Talk Fades,-0.4215
META,2023-07-28,09:05AM,1 Monster Metaverse Stock to Buy for the Long Haul,0.0
META,2023-07-28,08:28AM,Malaysia reverses plan to take legal action against Meta over harmful content,0.128
META,2023-07-28,08:07AM,Meta's Stock Gets a Surprising New Price Target,0.2732
META,2023-07-28,08:00AM,Mark Zuckerberg Snatches Prized Bragging Right From Warren Buffett,0.5267
META,2023-07-28,07:00AM,RPT-Meta plans retention 'hooks' for Threads as more than half of users leave app,-0.0516
META,2023-07-28,05:30AM,"Facebook Bowed to White House Pressure, Removed Covid Posts",-0.296
META,2023-07-28,05:25AM,Qualcomm and Meta Team Up on AI -- 1 of These Is an AI Sleeper Stock,0.0
META,2023-07-28,03:30AM,Dont Be Fooled by the Stock Markets Summer Doldrums,0.2924
META,2023-07-28,01:15AM,4 big analyst picks: Meta notches several upgrades on strong Q2 Performance,0.5106
META,2023-07-28,01:11AM,"5 big earnings hits: Meta delights, Microsoft warns in huge week for tech, AI",0.5994
META,2023-07-27,09:34PM,Meta plans retention 'hooks' for Threads as more than half of users leave app,-0.0516
META,2023-07-27,09:25PM,Meta plans retention 'hooks' for Threads as more than half of users leave app,-0.0516
META,2023-07-27,07:00PM,Is This The Best Way To Play The $700 Billion EV Boom?,0.765
META,2023-07-27,06:02PM,"Threads can become the purest form of social media as long as Meta and Mark Zuckerberg agree to one thing, says tech exec",0.3612
META,2023-07-27,05:59PM,"Meta's Reels revenue narrows in on TikTok, boosted by AI",0.3612
META,2023-07-27,05:55PM,Why Few Investors Were Excited About Alphabet Stock Today,0.34
META,2023-07-27,05:50PM,"Meta's Reels revenue narrows in on TikTok, boosted by AI",0.3612
